China	Location
-LRB-	O
HPAI	O
H5N6	Influenza
-RRB-	O
According	O
to	O
a	O
statement	O
from	O
Hong	O
Kong	O
's	O
Centre	O
for	O
Health	O
Protection	O
-LRB-	O
CHP	O
-RRB-	O
,	O
a	O
42	O
year-old	O
man	Host_organism
from	O
Guangdong	Location
province	O
was	O
hospitalized	O
in	O
Ganzhou	Location
in	O
Jiangxi	Location
province	O
with	O
highly	O
pathogenic	O
H5N6	Influenza
avian	Influenza
influenza	Influenza
.	O
The	O
infection	O
was	O
detected	O
during	O
routine	O
surveillance	O
and	O
the	O
man	Host_organism
also	O
had	O
severe	O
pneumonia	O
upon	O
testing	O
.	O
The	O
man	Host_organism
began	O
having	O
symptoms	O
on	O
December	Date
12	Date
,	O
was	O
admitted	O
to	O
the	O
hospital	O
on	O
December	Date
19	Date
,	O
and	O
died	O
on	O
December	Date
21	Date
.	O
A	O
total	O
of	O
eight	O
cases	O
of	O
H5N6	Influenza
in	O
people	Host_organism
have	O
been	O
reported	O
in	O
China	Location
since	O
2014	Date
,	O
four	O
of	O
them	O
being	O
reported	O
in	O
the	O
last	Date
few	Date
weeks	Date
.	O

H5N1	Influenza
in	O
Humans	Host_organism
in	O
Indonesia	Location
A	O
34-year-old	O
woman	Host_organism
from	O
Banten	Location
province	O
died	O
from	O
H5N1	Influenza
bird	Influenza
flu	Influenza
on	O
July	Date
7	Date
.	O
The	O
patient	Host_organism
developed	O
symptoms	O
on	O
July	Date
2	Date
and	O
was	O
hospitalized	O
on	O
July	Date
4	Date
.	O
H5N1	Influenza
was	O
confirmed	O
by	O
laboratory	O
testing	O
.	O
-LRB-	O
more	O
...	O
-RRB-	O

H5N1	Influenza
in	O
Wild	O
birds	Host_organism
in	O
India	Location
At	O
least	O
a	O
dozen	O
migratory	O
bar-headed	Host_organism
geese	Host_organism
were	O
found	O
dead	O
on	O
January	Date
7	Date
and	Date
8	Date
at	O
Kaziranga	O
National	O
Park	O
in	O
Assam	Location
.	O
The	O
geese	Host_organism
had	O
recently	O
arrived	O
at	O
the	O
sanctuary	O
from	O
Siberia	Location
and	O
officials	O
are	O
concerned	O
that	O
they	O
may	O
have	O
died	O
from	O
bird	Influenza
flu	Influenza
.	O
``	O
A	O
team	O
of	O
experts	O
,	O
including	O
veterinarians	O
,	O
are	O
carrying	O
out	O
post-mortems	O
of	O
the	O
birds	Host_organism
and	O
samples	O
will	O
be	O
sent	O
to	O
Bhopal	Location
to	O
find	O
out	O
if	O
the	O
deaths	O
were	O
due	O
to	O
avian	Influenza
influenza	Influenza
or	O
some	O
other	O
disease	O
,	O
''	O
a	O
park	O
ranger	O
told	O
the	O
Indo-Asian	O
News	O
Service	O
.	O
Forest	O
guards	O
have	O
been	O
alerted	O
to	O
watch	O
for	O
other	O
dead	O
birds	Host_organism
in	O
the	O
park	O
,	O
which	O
contains	O
300	O
species	O
of	O
birds	Host_organism
,	O
100	O
of	O
which	O
are	O
migratory	O
.	O

USA	Location
.	O
A	O
dog	Host_organism
in	O
New	Location
York	Location
is	O
the	O
first	O
in	O
the	O
United	Location
States	Location
to	O
be	O
diagnosed	O
with	O
pandemic	O
H1N1	Influenza
-LRB-	Influenza
2009	Influenza
-RRB-	Influenza
virus	Influenza
.	O
The	O
13-year-old	O
mixed-breed	Host_organism
male	Host_organism
is	O
thought	O
to	O
have	O
caught	O
the	O
disease	O
from	O
its	O
owner	O
and	O
is	O
now	O
recovering	O
.	O
The	O
American	O
Veterinary	O
Medical	O
Association	O
said	O
that	O
there	O
is	O
still	O
no	O
evidence	O
that	O
the	O
virus	O
could	O
be	O
transferred	O
from	O
pets	Host_organism
to	O
humans	Host_organism
.	O
Dr.	O
Anne	O
Schuchat	O
of	O
the	O
Centers	O
for	O
Disease	O
Control	O
-LRB-	O
CDC	O
-RRB-	O
said	O
that	O
it	O
is	O
rare	O
for	O
pets	Host_organism
to	O
spread	O
flu	Influenza
viruses	Influenza
.	O
Pigs	Host_organism
on	O
two	O
farms	O
in	O
North	Location
Carolina	Location
have	O
been	O
diagnosed	O
with	O
pandemic	O
H1N1	Influenza
-LRB-	Influenza
2009	Influenza
-RRB-	Influenza
virus	Influenza
.	O
Samples	O
were	O
tested	O
and	O
confirmed	O
positive	O
by	O
the	O
U.S.	O
Department	O
of	O
Agriculture	O
's	O
National	O
Veterinary	O
Services	O
Laboratory	O
.	O
The	O
animals	O
have	O
fully	O
recovered	O
under	O
the	O
care	O
of	O
a	O
private	O
veterinarian	O
.	O
The	O
pigs	Host_organism
were	O
tested	O
after	O
they	O
showed	O
signs	O
of	O
mild	O
illness	O
.	O
State	O
veterinarian	O
,	O
David	O
Marshall	O
,	O
said	O
,	O
``	O
These	O
cases	O
show	O
that	O
our	O
surveillance	O
system	O
is	O
working	O
.	O
''	O
It	O
appears	O
that	O
the	O
animals	O
on	O
both	O
farms	O
caught	O
the	O
disease	O
from	O
humans	Host_organism
.	O
\	O
``	O
We	O
want	O
to	O
reassure	O
the	O
public	O
that	O
it	O
is	O
safe	O
to	O
eat	O
pork	O
from	O
swine	Host_organism
that	O
have	O
been	O
infected	O
previously	O
and	O
recovered	O
from	O
influenza	Influenza
viruses	Influenza
,	O
including	O
novel	O
viruses	O
,	O
\	O
''	O
state	O
health	O
director	O
Jeff	O
Engel	O
said	O
.	O
\	O
``	O
As	O
always	O
,	O
we	O
will	O
continue	O
to	O
work	O
closely	O
with	O
the	O
Department	O
of	O
Agriculture	O
and	O
Consumer	O
Services	O
to	O
protect	O
the	O
health	O
and	O
safety	O
of	O
the	O
public	O
.	O
\	O
''	O

UK	Location
.	O
An	O
outbreak	O
of	O
pandemic	O
H1N1	Influenza
-LRB-	Influenza
2009	Influenza
-RRB-	Influenza
virus	Influenza
in	O
piglets	Host_organism
began	O
December	Date
22	Date
on	O
a	O
commercial	O
farm	O
in	O
Norfolk	Location
,	Location
England	Location
.	O
1,124	O
out	O
of	O
2,004	O
animals	O
on	O
the	O
farm	O
were	O
infected	O
.	O
The	O
infected	O
piglets	Host_organism
were	O
coughing	O
but	O
not	O
lethargic	O
.	O
Most	O
of	O
them	O
recovered	O
fully	O
but	O
3	O
were	O
slaughtered	O
for	O
diagnostic	O
purposes	O
.	O
The	O
Veterinary	O
Laboratories	O
Agency	O
is	O
conducting	O
an	O
epidemiological	O
investigation	O
.	O
The	O
farm	O
has	O
instituted	O
voluntary	O
movement	O
controls	O
.	O

China	Location
-LRB-	O
HPAI	O
H5N6	Influenza
-RRB-	O
The	O
World	O
Organisation	O
for	O
Animal	O
Health	O
-LRB-	O
OIE	O
-RRB-	O
reports	O
a	O
case	O
of	O
highly	O
pathogenic	O
H5N6	Influenza
avian	Influenza
influenza	Influenza
virus	Influenza
at	O
a	O
farm	O
in	O
Jiangxi	Location
Province	O
.	O
This	O
diagnosis	O
was	O
confirmed	O
after	O
samples	O
were	O
tested	O
by	O
the	O
Harbin	O
Veterinary	O
Research	O
Institute	O
.	O
A	O
total	O
of	O
14,705	O
birds	Host_organism
died	O
of	O
the	O
virus	O
,	O
and	O
the	O
remaining	O
19,528	O
were	O
culled	O
to	O
prevent	O
further	O
spread	O
.	O
Additional	O
control	O
measures	O
include	O
:	O
movement	O
control	O
;	O
screening	O
;	O
disinfection	O
;	O
modified	O
stamping	O
out	O
;	O
and	O
zoning	O
.	O
The	O
source	O
of	O
this	O
outbreak	O
is	O
unknown	O
.	O

H5N1	Influenza
in	O
Poultry	Host_organism
in	O
Cambodia	Location
An	O
outbreak	O
of	O
H5N1	Influenza
in	O
some	O
backyard	O
poultry	Host_organism
in	O
a	O
village	O
in	O
Kang	Location
Cham	Location
province	O
began	O
on	O
December	Date
16	Date
.	O
The	O
village	O
has	O
a	O
total	O
of	O
1,012	O
chickens	Host_organism
and	O
204	O
ducks	Host_organism
.	O
143	O
birds	Host_organism
died	O
from	O
the	O
disease	O
and	O
another	O
875	O
were	O
culled	O
to	O
prevent	O
the	O
spread	O
of	O
the	O
virus	Influenza
.	O
Other	O
preventative	O
measures	O
have	O
been	O
enacted	O
,	O
such	O
as	O
movement	O
control	O
within	O
the	O
country	O
,	O
disinfection	O
of	O
affected	O
premises	O
,	O
and	O
modified	O
stamping	O
out	O
.	O
Tests	O
at	O
the	O
Pasteur	O
Institute	O
in	O
Cambodia	Location
and	O
the	O
National	O
Veterinary	O
Research	O
Institute	O
confirmed	O
H5N1	Influenza
bird	Influenza
flu	Influenza
.	O

Vietnam	Location
-LRB-	O
HPAI	O
H5N1	Influenza
-RRB-	O
The	O
World	O
Health	O
Organisation	O
for	O
Animal	O
Health	O
-LRB-	O
OIE	O
-RRB-	O
reports	O
new	O
cases	O
of	O
highly	O
pathogenic	O
H5N1	Influenza
avian	Influenza
influenza	Influenza
virus	Influenza
in	O
Nghe	Location
An	Location
Provence	O
.	O
Cases	O
were	O
reported	O
by	O
the	O
Ministry	O
of	O
Agriculture	O
and	O
Rural	O
Development	O
.	O
A	O
total	O
of	O
94	O
backyard	Host_organism
birds	Host_organism
died	O
from	O
infection	O
and	O
506	O
were	O
destroyed	O
.	O
Additional	O
control	O
measures	O
implemented	O
included	O
surveillance	O
within	O
a	O
containment	O
or	O
protection	O
zone	O
and	O
stamping	O
out	O
procedures	O
.	O
The	O
source	O
of	O
this	O
outbreak	O
is	O
unknown	O
.	O

China	Location
-LRB-	O
HPAI	O
H5N6	Influenza
-RRB-	O
The	O
World	O
Organisation	O
for	O
Animal	O
Health	O
-LRB-	O
OIE	O
-RRB-	O
reports	O
an	O
additional	O
case	O
of	O
highly	O
pathogenic	O
H5N6	Influenza
avian	Influenza
influenza	Influenza
virus	Influenza
in	O
a	O
peacock	O
farm	O
in	O
the	O
Hunan	Location
province	O
.	O
This	O
diagnosis	O
was	O
confirmed	O
after	O
tests	O
at	O
the	O
Harbin	O
Veterinary	O
Research	O
Institute	O
came	O
back	O
positive	O
.	O
A	O
total	O
of	O
381	O
birds	Host_organism
died	O
from	O
the	O
disease	O
,	O
and	O
the	O
remaining	O
5433	O
were	O
culled	O
to	O
prevent	O
further	O
spread	O
of	O
the	O
disease	O
.	O
In	O
addition	O
to	O
culling	O
,	O
the	O
following	O
measures	O
were	O
taken	O
:	O
movement	O
control	O
;	O
screening	O
;	O
disinfection	O
;	O
stamping	O
out	O
;	O
and	O
zoning	O
.	O
The	O
source	O
of	O
the	O
outbreak	O
is	O
unknown	O
.	O

China	Location
-LRB-	O
LPAI	O
H7N9	Influenza
-RRB-	O
The	O
Centre	O
for	O
Health	O
Protection	O
-LRB-	O
CHP	O
-RRB-	O
reports	O
that	O
eight	O
additional	O
human	Host_organism
cases	O
of	O
H7N9	Influenza
avian	Influenza
influenza	Influenza
have	O
occurred	O
with	O
onset	O
of	O
symptoms	O
between	O
November	Date
24	Date
,	Date
2015	Date
and	O
December	Date
24	Date
,	Date
2015	Date
.	O
Six	O
of	O
the	O
cases	O
are	O
from	O
Zhejiang	Location
province	O
including	O
a	O
65	Host_organism
year-old	Host_organism
male	Host_organism
,	O
53	Host_organism
year-old	Host_organism
male	Host_organism
,	O
58	Host_organism
year-old	Host_organism
female	Host_organism
,	O
and	O
29	Host_organism
year-old	Host_organism
female	Host_organism
all	O
in	O
critical	O
condition	O
.	O
Also	O
in	O
Zhejiang	Location
province	O
a	O
51	Host_organism
year-old	Host_organism
female	Host_organism
died	O
on	O
December	Date
25	Date
,	Date
2015	Date
and	O
a	O
77	Host_organism
year-old	Host_organism
male	Host_organism
died	O
on	O
December	Date
11	Date
,	Date
2015	Date
.	O
In	O
Jiangsu	Location
province	O
,	O
cases	O
of	O
H7N9	Influenza
avian	Influenza
influenza	Influenza
were	O
reported	O
in	O
a	O
41	Host_organism
year-old	Host_organism
female	Host_organism
who	O
remains	O
in	O
serious	O
condition	O
and	O
a	O
52	Host_organism
year-old	Host_organism
female	Host_organism
who	O
remains	O
in	O
critical	O
condition	O
.	O
At	O
the	O
time	O
of	O
this	O
report	O
,	O
678	O
cases	O
of	O
H7N9	Influenza
had	O
been	O
reported	O
in	O
China	Location
since	O
2013	Date
.	O
A	O
patient	Host_organism
died	O
of	O
H7N9	Influenza
avian	Influenza
influenza	Influenza
on	O
January	Date
8	Date
in	O
Shaoxing	Location
City	Location
,	Location
Zhejiang	Location
Province	Location
according	O
to	O
local	O
health	O
authorities	O
.	O
No	O
additional	O
information	O
about	O
the	O
patient	O
is	O
known	O
.	O
In	O
a	O
statement	O
on	O
January	Date
11	Date
,	O
the	O
Centre	O
for	O
Health	O
Protection	O
-LRB-	O
CHP	O
-RRB-	O
reports	O
there	O
are	O
two	O
new	O
cases	O
of	O
H7N9	Influenza
avian	Influenza
influenza	Influenza
both	O
thought	O
to	O
have	O
occurred	O
in	O
the	O
Zhejiang	Location
province	O
city	O
of	O
Ningbo	Location
.	O
No	O
additional	O
information	O
was	O
provided	O
by	O
Mainland	O
authorities	O
.	O
According	O
to	O
FluTrackers	O
,	O
705	O
cases	O
of	O
H7N9	Influenza
cases	O
have	O
been	O
reported	O
globally	O
.	O

Vietnam	Location
-LRB-	O
HPAI	O
H5N6	Influenza
-RRB-	O
The	O
World	O
Organisation	O
for	O
Animal	O
Health	O
-LRB-	O
OIE	O
-RRB-	O
has	O
reported	O
two	O
cases	O
of	O
highly	O
pathogenic	O
H5N6	Influenza
avian	Influenza
influenza	Influenza
in	O
Vietnam	Location
.	O
The	O
first	O
outbreak	O
began	O
on	O
January	Date
5	Date
in	O
the	O
Quang	Location
Ngai	Location
province	O
where	O
454	O
birds	Host_organism
were	O
found	O
dead	O
and	O
546	O
were	O
destroyed	O
.	O
The	O
second	O
outbreak	O
occurred	O
in	O
the	O
Kon	Location
Tum	Location
province	O
on	O
January	Date
6	Date
.	O
Local	O
authorities	O
tested	O
samples	O
from	O
550	O
dead	O
chickens	Host_organism
and	O
440	O
dead	O
geese	Host_organism
and	O
burned	O
the	O
carcasses	O
of	O
all	O
infected	O
birds	Host_organism
.	O
Other	O
control	O
measures	O
include	O
stamping	O
out	O
,	O
disinfection	O
,	O
and	O
surveillance	O
within	O
and	O
outside	O
the	O
containment	O
zone	O
.	O
The	O
source	O
of	O
the	O
outbreak	O
is	O
unknown	O
.	O
Avian	O
Influenza	O
in	O
Humans	O

Nigeria	Location
-LRB-	O
HPAI	O
H5N1	Influenza
-RRB-	O
The	O
World	O
Organisation	O
for	O
Animal	O
Health	O
-LRB-	O
OIE	O
-RRB-	O
reports	O
additional	O
cases	O
of	O
highly	O
pathogenic	O
H5N1	Influenza
avian	Influenza
influenza	Influenza
viruses	Influenza
in	O
poultry	O
farms	O
in	O
the	O
Edo	Location
,	O
Lagos	Location
,	O
and	O
Kaduna	Location
states	O
.	O
Confirmation	O
took	O
place	O
after	O
tests	O
run	O
by	O
the	O
National	O
Veterinary	O
Research	O
Institute	O
Vom	O
came	O
back	O
positive	O
.	O
A	O
total	O
of	O
3580	O
birds	Host_organism
died	O
,	O
the	O
remaining	O
8870	O
were	O
culled	O
to	O
prevent	O
further	O
spread	O
of	O
the	O
disease	O
.	O
All	O
three	O
states	O
have	O
implemented	O
the	O
following	O
control	O
measures	O
:	O
movement	O
control	O
;	O
quarantine	O
;	O
disposal	O
and	O
destruction	O
of	O
animal	O
products	O
,	O
carcasses	O
,	O
by-products	O
and	O
waste	O
;	O
modified	O
stamping	O
out	O
;	O
and	O
prohibition	O
of	O
vaccination	O
.	O
Lagos	Location
and	O
Edo	Location
have	O
also	O
utilized	O
surveillance	O
and	O
disinfection	O
to	O
regulate	O
the	O
spread	O
of	O
the	O
virus	O
.	O
The	O
causes	O
of	O
these	O
outbreaks	O
are	O
unknown	O
,	O
although	O
poor	O
biosecurity	O
was	O
noted	O
at	O
the	O
Kaduna	O
farm	O
,	O
and	O
movement	O
control	O
mandates	O
in	O
the	O
Lagos	Location
and	O
Edo	Location
states	O
have	O
not	O
been	O
properly	O
enforced	O
.	O

H5N1	Influenza
in	O
Poultry	Host_organism
in	O
Indonesia	Location
The	O
local	O
husbandry	O
and	O
fishery	O
administration	O
of	O
East	Location
Jakarta	Location
has	O
culled	O
524	O
chickens	Host_organism
,	O
345	O
ducks	Host_organism
,	O
and	O
440	O
pigeons	Host_organism
to	O
prevent	O
the	O
spread	O
of	O
bird	Influenza
flu	Influenza
.	O
In	O
addition	O
to	O
culling	O
the	O
birds	Host_organism
,	O
officers	O
dismantle	O
and	O
burn	O
poultry	O
cages	O
that	O
are	O
within	O
25	O
meters	O
-LRB-	O
82	O
feet	O
-RRB-	O
of	O
residential	O
areas	O
in	O
accordance	O
with	O
a	O
bylaw	O
that	O
prohibits	O
raising	O
poultry	Host_organism
near	O
residences	O
.	O
Officers	O
also	O
cull	O
birds	Host_organism
that	O
are	O
roaming	O
in	O
residential	O
areas	O
.	O
On	O
July	Date
27	Date
and	Date
28	Date
,	O
thousands	O
of	O
chickens	Host_organism
died	O
suddenly	O
from	O
H5N1	Influenza
bird	Influenza
flu	Influenza
in	O
two	O
villages	O
in	O
South	Location
Sulawesi	Location
province	O
.	O
The	O
Livestock	O
Service	O
immediately	O
culled	O
all	O
of	O
the	O
surviving	O
chickens	Host_organism
,	O
disinfected	O
the	O
area	O
,	O
and	O
restricted	O
the	O
traffic	O
of	O
livestock	Host_organism
and	O
livestock	O
products	O
in	O
the	O
area	O
to	O
prevent	O
the	O
spread	O
of	O
the	O
disease	O
.	O
They	O
also	O
supplied	O
masks	O
,	O
protective	O
clothing	O
,	O
disinfectant	O
and	O
veterinarians	O
to	O
the	O
locations	O
.	O
People	O
were	O
asked	O
to	O
report	O
any	O
sudden	O
death	O
in	O
birds	Host_organism
to	O
bird	O
flu	O
centers	O
that	O
have	O
been	O
built	O
in	O
each	O
sub-district	O
.	O
In	O
Lampung	Location
province	O
,	O
about	O
25	O
chickens	Host_organism
that	O
had	O
died	O
suddenly	O
tested	O
positive	O
for	O
H5N1	Influenza
bird	Influenza
flu	Influenza
.	O
The	O
head	O
of	O
the	O
livestock	O
division	O
of	O
the	O
Agriculture	O
and	O
Livestock	O
Service	O
of	O
Kabupaten	O
Pesawaran	O
,	O
Emi	O
Yeni	O
Erniati	O
,	O
said	O
that	O
Livestock	O
Services	O
and	O
Participatory	O
Disease	O
Surveillance	O
and	O
Response	O
-LRB-	O
PDSR	O
-RRB-	O
had	O
taken	O
care	O
of	O
this	O
incident	O
.	O
People	O
had	O
been	O
disposing	O
of	O
dead	O
chickens	Host_organism
in	O
rivers	O
,	O
but	O
during	O
flooding	O
the	O
carcasses	O
flowed	O
back	O
to	O
the	O
residences	O
and	O
spread	O
the	O
disease	O
.	O
Nevertheless	O
,	O
the	O
number	O
of	O
bird	Influenza
flu	Influenza
cases	O
in	O
the	O
area	O
has	O
decreased	O
since	O
last	O
month	O
.	O

H5N1	Influenza
in	O
Wild	O
birds	Host_organism
in	O
Hong	Location
Kong	Location
According	O
to	O
the	O
Agriculture	O
,	O
Fisheries	O
,	O
and	O
Conservation	O
Department	O
,	O
H5N1	Influenza
has	O
been	O
identified	O
from	O
the	O
carcass	O
of	O
an	O
oriental	Host_organism
magpie	Host_organism
robin	Host_organism
found	O
on	O
December	Date
29	Date
.	O
There	O
are	O
no	O
commercial	O
chicken	O
farms	O
within	O
a	O
three-kilometer	O
radius	O
of	O
the	O
location	O
where	O
the	O
bird	Host_organism
was	O
found	O
.	O
A	O
total	O
of	O
16	O
wild	O
birds	Host_organism
have	O
tested	O
positive	O
for	O
bird	Influenza
flu	Influenza
in	O
Hong	Location
Kong	Location
in	O
2009	Date
.	O

Indonesia	Location
-LRB-	O
HPAI	O
H5N1	Influenza
-RRB-	O
The	O
Animal	O
Husbandry	O
Department	O
of	O
East	O
Java	O
Province	O
has	O
reported	O
2	O
new	O
cases	O
of	O
highly	O
pathogenic	O
H5N1	Influenza
avian	Influenza
influenza	Influenza
virus	Influenza
at	O
poultry	O
farms	O
in	O
Banyuwangi	Location
and	O
Lamongan	Location
.	O
The	O
virus	O
causes	O
the	O
deaths	O
of	O
over	O
6,000	O
birds	Host_organism
,	O
which	O
were	O
not	O
reported	O
until	O
a	O
week	O
later	O
.	O
Control	O
measures	O
implemented	O
include	O
disinfection	O
and	O
official	O
disposal	O
of	O
animal	O
carcasses	O
and	O
by-products	O
.	O
They	O
government	O
does	O
not	O
compensate	O
farmers	O
for	O
losses	O
caused	O
by	O
the	O
virus	O
but	O
will	O
provide	O
free	O
vaccines	O
.	O
The	O
cause	O
of	O
this	O
outbreak	O
is	O
unknown	O
.	O

South	Location
Korea	Location
.	O
Pandemic	O
H1N1	Influenza
-LRB-	Influenza
2009	Influenza
-RRB-	Influenza
virus	Influenza
has	O
been	O
detected	O
on	O
another	O
farm	O
in	O
Kyongsang-Namdo	Location
province	O
on	O
December	Date
31	Date
.	O
Seventeen	O
of	O
the	O
2,000	O
pigs	Host_organism
on	O
the	O
farm	O
tested	O
positive	O
for	O
the	O
disease	O
.	O
The	O
source	O
of	O
the	O
outbreak	O
is	O
unknown	O
,	O
but	O
the	O
movement	O
of	O
animals	O
on	O
the	O
farm	O
has	O
been	O
restricted	O
and	O
the	O
premises	O
have	O
been	O
disinfected	O
to	O
prevent	O
the	O
spread	O
of	O
the	O
virus	O
.	O
Between	O
December	Date
14	Date
and	O
18	O
,	O
15	O
outbreaks	O
of	O
pandemic	O
H1N1	Influenza
-LRB-	Influenza
2009	Influenza
-RRB-	Influenza
virus	Influenza
began	O
on	O
South	O
Korean	O
farms	O
;	O
9	O
in	O
Kyonsang-Bukdo	Location
province	O
,	O
2	O
in	O
Kyonggi-Do	Location
province	O
,	O
2	O
in	O
Cholla-Namdo	Location
,	O
1	O
in	O
Cheju-Do	Location
province	O
,	O
and	O
1	O
in	O
Kyonsang-Namdo	Location
province	O
;	O
totaling	O
241	O
confirmed	O
cases	O
out	O
of	O
23,691	O
pigs	Host_organism
on	O
these	O
farms	O
.	O
The	O
Ministry	O
for	O
Food	O
,	O
Agriculture	O
,	O
Forestry	O
and	O
Fisheries	O
discovered	O
the	O
outbreaks	O
during	O
routine	O
monitoring	O
and	O
the	O
National	O
Veterinary	O
Research	O
Quarantine	O
Service	O
confirmed	O
the	O
disease	O
.	O
Pigs	Host_organism
on	O
the	O
farms	O
have	O
been	O
put	O
under	O
movement	O
restrictions	O
for	O
three	O
weeks	O
.	O

France	Location
-LRB-	O
HPAI	O
H5N9	Influenza
-RRB-	O
The	O
World	O
Organisation	O
for	O
Animal	O
Health	O
-LRB-	O
OIE	O
-RRB-	O
has	O
reported	O
2	O
cases	O
of	O
highly	O
pathogenic	O
H5N9	Influenza
avian	Influenza
influenza	Influenza
virus	Influenza
at	O
farms	O
in	O
the	O
Landes	Location
Department	O
.	O
Samples	O
were	O
tested	O
by	O
the	O
National	O
Reference	O
Laboratory	O
for	O
Avian	O
Influenza	O
and	O
Newcastle	O
Disease	O
,	O
ANSES	O
,	O
as	O
part	O
of	O
programmed	O
surveillance	O
.	O
All	O
16,920	O
birds	Host_organism
were	O
culled	O
to	O
prevent	O
the	O
virus	O
spreading	O
further	O
.	O
Measures	O
implemented	O
in	O
addition	O
to	O
culling	O
are	O
movement	O
control	O
,	O
screening	O
,	O
disinfection	O
,	O
traceability	O
,	O
stamping	O
out	O
,	O
surveillance	O
,	O
and	O
official	O
disposal	O
of	O
carcasses	O
,	O
by-products	O
,	O
and	O
waste	O
.	O
The	O
source	O
of	O
these	O
outbreaks	O
is	O
unknown	O
.	O
A	O
total	O
of	O
31	O
outbreaks	O
have	O
been	O
reported	O
in	O
Landes	Location
since	O
the	O
HPAI	O
outbreaks	O
began	O
in	O
2015	Date
.	O
This	O
is	O
the	O
23rd	O
HPAI	O
H5N9	Influenza
outbreak	O
in	O
France	Location
.	O

Russia	Location
.	O
On	O
a	O
farm	O
in	O
the	O
Chuvashskaya	Location
province	O
,	O
the	O
Federal	O
Centre	O
for	O
Animal	O
Health	O
confirmed	O
45	O
cases	O
of	O
pandemic	O
H1N1	Influenza
-LRB-	Influenza
2009	Influenza
-RRB-	Influenza
virus	Influenza
.	O
The	O
outbreak	O
was	O
confirmed	O
on	O
December	Date
3	Date
,	O
but	O
probably	O
began	O
on	O
November	Date
10	Date
.	O
The	O
farm	O
holds	O
10,625	O
pigs	Host_organism
,	O
but	O
the	O
cases	O
were	O
isolated	O
to	O
one	O
building	O
holding	O
1,800	O
pigs	Host_organism
.	O
The	O
pigs	Host_organism
are	O
thought	O
to	O
have	O
contracted	O
the	O
disease	O
through	O
contact	O
with	O
infected	O
personnel	O
.	O
A	O
ban	O
has	O
been	O
placed	O
on	O
the	O
trade	O
of	O
live	O
pigs	Host_organism
or	O
swine	O
products	O
from	O
the	O
farm	O
unless	O
they	O
have	O
undergone	O
thermal	O
treatment	O
.	O
The	O
farm	O
has	O
also	O
implemented	O
regular	O
aerosol	O
disinfection	O
.	O

China	Location
-LRB-	O
H9N2	Influenza
-RRB-	O
In	O
February	Date
,	O
a	O
human	Host_organism
case	O
of	O
H9N2	Influenza
avian	Influenza
influenza	Influenza
virus	Influenza
occurred	O
in	O
the	O
city	O
of	O
Chengdu	Location
.	O
The	O
patient	Host_organism
,	O
a	O
53-year-old	O
female	O
,	O
was	O
admitted	O
to	O
Chengdu	O
Public	O
Health	O
Clinical	O
Medical	O
Center	O
on	O
February	Date
15	Date
,	O
and	O
died	O
on	O
February	Date
19	Date
.	O
The	O
patient	Host_organism
had	O
no	O
history	O
of	O
contact	O
with	O
live	O
poultry	O
.	O

France	Location
-LRB-	O
HPAI	O
H5N1	Influenza
,	O
H5N2	Influenza
,	O
H5N9	Influenza
-RRB-	O
The	O
World	O
Organisation	O
for	O
Animal	O
Health	O
-LRB-	O
OIE	O
-RRB-	O
has	O
reported	O
additional	O
cases	O
of	O
highly	O
pathogenic	O
avian	Influenza
influenza	Influenza
viruses	Influenza
in	O
France	Location
.	O
The	O
National	O
Reference	O
Laboratory	O
for	O
Avian	O
Influenza	O
and	O
Newcastle	O
Disease	O
confirmed	O
the	O
presence	O
of	O
H5N2	Influenza
on	O
a	O
duck	O
farm	O
in	O
the	O
Landes	Location
department	O
;	O
25	O
H5N9	Influenza
related	O
deaths	O
among	O
ducks	Host_organism
on	O
a	O
farm	O
in	O
the	O
Pyrénées-Atlantiques	Location
department	O
-LRB-	O
the	O
remaining	O
475	O
birds	Host_organism
were	O
culled	O
to	O
prevent	O
further	O
spread	O
of	O
the	O
disease	O
-RRB-	O
;	O
and	O
the	O
presence	O
of	O
H5N1	Influenza
among	O
ducks	Host_organism
on	O
a	O
farm	O
in	O
the	O
Dordogne	Location
department	O
.	O
In	O
order	O
to	O
control	O
spread	O
of	O
these	O
diseases	O
,	O
the	O
following	O
measures	O
were	O
utilized	O
by	O
all	O
three	O
departments	O
:	O
movement	O
control	O
;	O
screening	O
;	O
disinfection	O
;	O
traceability	O
;	O
surveillance	O
;	O
stamping	O
out	O
;	O
disposal	O
of	O
carcasses	O
,	O
by-products	O
and	O
waste	O
;	O
zoning	O
;	O
and	O
prohibition	O
of	O
vaccination	O
.	O
The	O
Dordogne	Location
department	O
also	O
plans	O
to	O
control	O
wildlife	O
reservoirs	O
,	O
and	O
all	O
have	O
implemented	O
protection	O
and	O
surveillance	O
zones	O
.	O
The	O
sources	O
of	O
these	O
outbreaks	O
are	O
unknown	O
.	O
On	O
top	O
of	O
the	O
above	O
cases	O
confirmed	O
by	O
the	O
OIE	O
,	O
the	O
Ministry	O
of	O
Agriculture	O
has	O
report	O
that	O
the	O
number	O
of	O
cases	O
of	O
highly	O
pathogenic	O
avian	Influenza
influenza	Influenza
virus	Influenza
in	O
France	Location
have	O
doubled	O
in	O
the	O
last	Date
two	Date
days	Date
to	O
thirty	O
.	O
The	O
new	O
cases	O
have	O
occurred	O
in	O
the	O
same	O
four	O
departments	O
previously	O
affected	O
,	O
all	O
in	O
the	O
southwest	O
region	O
of	O
France	Location
.	O
In	O
Landes	Location
,	O
nine	O
outbreaks	O
were	O
reported	O
,	O
three	O
among	O
poultry	Host_organism
tested	O
prior	O
to	O
slaughter	O
;	O
in	O
Dordogne	Location
three	O
outbreaks	O
were	O
reported	O
,	O
one	O
among	O
poultry	O
headed	O
to	O
slaughter	O
;	O
in	O
Pyrénées	Location
Atlantiques	Location
one	O
outbreak	O
was	O
reported	O
among	O
breeding	O
ducks	Host_organism
;	O
and	O
in	O
Gers	Location
two	O
outbreaks	O
were	O
reported	O
among	O
ducks	Host_organism
and	O
guinea	Host_organism
fowls	Host_organism
on	O
poultry	O
farms	O
.	O
The	O
strains	O
of	O
these	O
outbreaks	O
are	O
unknown	O
,	O
as	O
are	O
the	O
number	O
of	O
fatalities	O
and	O
the	O
causes	O
of	O
the	O
outbreaks	O
.	O
Due	O
to	O
the	O
relative	O
closeness	O
of	O
these	O
outbreaks	O
to	O
Spain	Location
,	O
Spanish	O
producers	O
and	O
authorities	O
are	O
on	O
high	O
alert	O
for	O
any	O
potential	O
spread	O
of	O
the	O
virus	O
.	O

UK	Location
-LRB-	O
LPAI	O
H5N1	Influenza
-RRB-	O
According	O
to	O
the	O
Scottish	O
Government	O
,	O
low	O
pathogenic	O
H5N1	Influenza
avian	Influenza
influenza	Influenza
was	O
identified	O
in	O
chickens	Host_organism
on	O
a	O
broiler-breeder	O
farm	O
in	O
Fife	Location
,	Location
Scotland	Location
on	O
January	Date
11	Date
.	O
The	O
infection	O
was	O
detected	O
following	O
tests	O
on	O
several	O
dead	O
birds	Host_organism
on	O
the	O
premises	O
.	O
On	O
January	Date
13	Date
,	O
400,000	O
birds	Host_organism
were	O
culled	O
.	O
A	O
one	O
kilometer	O
control	O
zone	O
has	O
been	O
placed	O
around	O
the	O
farm	O
restricting	O
the	O
movement	O
of	O
poultry	Host_organism
,	O
carcasses	O
,	O
eggs	O
,	O
used	O
poultry	O
litter	O
and	O
manure	O
,	O
and	O
restrictions	O
on	O
bird	Host_organism
gatherings	O
.	O
The	O
source	O
of	O
the	O
outbreak	O
is	O
unknown	O
.	O

Taiwan	Location
-LRB-	O
HPAI	O
H5N8	Influenza
-RRB-	O
The	O
World	O
Health	O
Organisation	O
for	O
Animal	O
Health	O
-LRB-	O
OIE	O
-RRB-	O
reports	O
new	O
cases	O
of	O
highly	O
pathogenic	O
H5N8	Influenza
and	O
H5N2	Influenza
avian	Influenza
influenza	Influenza
viruses	Influenza
in	O
Kaohsiung	Location
City	Location
.	O
Samples	O
were	O
submitted	O
to	O
the	O
Animal	O
Health	O
Research	O
Institute	O
after	O
observation	O
of	O
suspicious	O
signs	O
in	O
poultry	Host_organism
carcasses	O
-LRB-	O
species	O
not	O
specified	O
in	O
this	O
report	O
-RRB-	O
during	O
postmortem	O
inspection	O
at	O
an	O
abattoir	O
in	O
Kaosiung	Location
City	Location
.	O
The	O
carcasses	O
were	O
destroyed	O
and	O
the	O
abattoir	O
was	O
thoroughly	O
cleaned	O
and	O
disinfected	O
.	O
The	O
farm	O
of	O
origin	O
was	O
found	O
empty	O
when	O
the	O
inspectors	O
visited	O
and	O
was	O
placed	O
under	O
disinfection	O
and	O
movement	O
restrictions	O
per	O
standard	O
procedures	O
.	O
A	O
total	O
of	O
677	O
carcasses	O
were	O
destroyed	O
.	O
The	O
source	O
of	O
this	O
outbreak	O
is	O
unknown	O
.	O

H5N1	Influenza
in	O
Poultry	Host_organism
in	O
India	Location
More	O
than	O
2,000	O
birds	Host_organism
,	O
including	O
domestic	O
poultry	Host_organism
,	O
were	O
found	O
dead	O
in	O
a	O
village	O
in	O
Burdwan	Location
district	O
and	O
H5N1	Influenza
bird	Influenza
flu	Influenza
is	O
suspected	O
.	O
The	O
State	O
Animal	O
Resources	O
Development	O
Department	O
has	O
sent	O
in	O
a	O
team	O
to	O
collect	O
samples	O
,	O
but	O
results	O
will	O
not	O
be	O
ready	O
for	O
a	O
few	O
days	O
.	O
Narayan	O
Biswas	O
,	O
state	O
Animal	O
Resource	O
Development	O
Minister	O
,	O
said	O
,	O
``	O
There	O
is	O
no	O
need	O
to	O
panic	O
.	O
The	O
samples	O
have	O
been	O
sent	O
for	O
testing	O
.	O
Birds	Host_organism
have	O
died	O
,	O
but	O
there	O
can	O
be	O
a	O
number	O
of	O
reasons	O
behind	O
it	O
.	O
We	O
are	O
prepared	O
to	O
tackle	O
any	O
outbreak	O
.	O
''	O

Taiwan	Location
-LRB-	O
HPAI	O
H5	Influenza
-RRB-	O
The	O
Animal	O
Disease	O
Control	O
Center	O
reports	O
a	O
case	O
of	O
highly	O
pathogenic	O
H5	Influenza
avian	Influenza
influenza	Influenza
virus	Influenza
at	O
a	O
chicken	O
farm	O
in	O
Changhua	Location
County	Location
.	O
All	O
16,880	O
chickens	Host_organism
were	O
culled	O
after	O
the	O
National	O
Animal	O
Health	O
Research	O
Institute	O
confirmed	O
that	O
the	O
farm	O
was	O
infected	O
with	O
the	O
virus	O
.	O
In	O
addition	O
to	O
culling	O
,	O
disinfection	O
and	O
surveillance	O
were	O
also	O
implemented	O
.	O
The	O
cause	O
of	O
this	O
outbreak	O
was	O
not	O
reported	O
.	O
Avian	O
Influenza	O
in	O
Humans	O

China	Location
-LRB-	O
HPAI	O
H5N6	Influenza
-RRB-	O
The	O
World	O
Organisation	O
for	O
Animal	O
Health	O
-LRB-	O
OIE	O
-RRB-	O
reports	O
a	O
case	O
of	O
highly	O
pathogenic	O
H5N6	Influenza
avian	Influenza
influenza	Influenza
virus	Influenza
at	O
a	O
farm	O
in	O
Jiangxi	Location
Province	O
.	O
This	O
diagnosis	O
was	O
confirmed	O
after	O
samples	O
were	O
tested	O
by	O
the	O
Harbin	O
Veterinary	O
Research	O
Institute	O
.	O
A	O
total	O
of	O
14,705	O
birds	Host_organism
died	O
of	O
the	O
virus	O
,	O
and	O
the	O
remaining	O
19,528	O
were	O
culled	O
to	O
prevent	O
further	O
spread	O
.	O
Additional	O
control	O
measures	O
include	O
:	O
movement	O
control	O
;	O
screening	O
;	O
disinfection	O
;	O
modified	O
stamping	O
out	O
;	O
and	O
zoning	O
.	O
The	O
source	O
of	O
this	O
outbreak	O
is	O
unknown	O
.	O

USA	Location
-LRB-	O
HPAI	O
H5N2	Influenza
-RRB-	O
An	O
apparently	O
healthy	O
mallard	Host_organism
,	O
sampled	O
as	O
part	O
of	O
a	O
national	O
surveillance	O
program	O
to	O
detect	O
highly	O
pathogenic	O
avian	Influenza
influenza	Influenza
has	O
been	O
confirmed	O
by	O
the	O
USDA	O
to	O
have	O
been	O
infected	O
with	O
the	O
same	O
HPAI	O
H5N2	Influenza
virus	Influenza
that	O
affected	O
poultry	O
farms	O
in	O
the	O
Midwest	O
in	O
2014/2015	O
.	O
The	O
bird	Host_organism
was	O
among	O
a	O
group	O
of	O
waterfowl	Host_organism
sampled	O
at	O
a	O
wildlife	O
refuge	O
located	O
outside	O
Fairbanks	Location
,	Location
Alaska	Location
.	O
This	O
is	O
the	O
first	O
appearance	O
of	O
the	O
H5N2	Influenza
virus	Influenza
since	O
June	Date
2015	Date
,	O
and	O
the	O
first	O
time	O
any	O
HPAI	O
viruses	O
have	O
been	O
reported	O
in	O
Alaska	Location
.	O
Avian	O
Influenza	O
in	O
Poultry	O

H5N1	Influenza
in	O
Poultry	Host_organism
in	O
Vietnam	Location
Twenty-seven	O
birds	Host_organism
from	O
a	O
flock	O
of	O
53	O
in	O
a	O
village	O
in	O
Cao	Location
Bang	Location
province	O
died	O
of	O
H5N1	Influenza
bird	Influenza
flu	Influenza
.	O
The	O
other	O
26	O
were	O
destroyed	O
to	O
prevent	O
the	O
spread	O
of	O
the	O
disease	O
.	O
Other	O
preventative	O
measures	O
have	O
been	O
taken	O
,	O
such	O
as	O
quarantine	O
,	O
movement	O
control	O
inside	O
the	O
country	O
,	O
disinfection	O
of	O
infected	O
premises	O
,	O
and	O
modified	O
stamping	O
out	O
.	O
The	O
outbreak	O
may	O
have	O
been	O
caused	O
by	O
illegal	O
movement	O
of	O
animals	O
,	O
introduction	O
of	O
new	O
live	O
animals	O
,	O
or	O
fomites	O
-LRB-	O
humans	O
,	O
vehicles	O
,	O
feed	O
,	O
etc.	O
-RRB-	O
.	O
Tests	O
at	O
the	O
National	O
Center	O
for	O
Veterinary	O
Diagnosis	O
confirmed	O
H5N1	Influenza
bird	Influenza
flu	Influenza
.	O

Taiwan	Location
-LRB-	O
HPAI	O
H5N2	Influenza
-RRB-	O
The	O
World	O
Health	O
Organisation	O
for	O
Animal	O
Health	O
-LRB-	O
OIE	O
-RRB-	O
reports	O
new	O
cases	O
of	O
highly	O
pathogenic	O
H5N2	Influenza
avian	Influenza
influenza	Influenza
virus	Influenza
in	O
3	O
breeding	O
geese	O
farms	O
in	O
Yunlin	Location
and	O
Chiayi	Location
counties	O
.	O
Samples	O
were	O
submitted	O
to	O
the	O
Animal	O
Health	O
Research	O
Institute	O
after	O
abnormal	O
mortality	O
was	O
observed	O
on	O
the	O
affected	O
farms	O
.	O
All	O
geese	Host_organism
on	O
these	O
3	O
farms	O
were	O
culled	O
and	O
the	O
facilities	O
were	O
disinfected	O
.	O
A	O
total	O
of	O
1,148	O
birds	Host_organism
died	O
from	O
infection	O
and	O
4,787	O
birds	Host_organism
were	O
destroyed	O
.	O
Poultry	O
farms	O
within	O
a	O
3	O
km	O
radius	O
of	O
the	O
infected	O
farms	O
will	O
be	O
under	O
intensified	O
surveillance	O
for	O
three	O
months	O
after	O
depopulation	O
and	O
disinfection	O
was	O
completed	O
on	O
affected	O
farms	O
.	O
The	O
source	O
of	O
this	O
outbreak	O
is	O
unknown	O
.	O

Taiwan	Location
-LRB-	O
HPAI	O
H5	Influenza
-RRB-	O
The	O
Council	O
of	O
Agriculture	O
-LRB-	O
COA	O
-RRB-	O
in	O
Taipei	O
reported	O
Taiwan	Location
's	O
first	O
cases	O
of	O
sparrows	Host_organism
infected	O
with	O
the	O
new	O
H5	Influenza
subtype	Influenza
of	O
highly	O
pathogenic	O
avian	Influenza
influenza	Influenza
virus	Influenza
.	O
Two	O
dead	O
sparrows	Host_organism
picked	O
up	O
by	O
a	O
resident	O
of	O
Taichung	Location
's	O
Situn	Location
District	Location
tested	O
positive	O
for	O
the	O
H5	Influenza
subtype	Influenza
on	O
January	Date
8	Date
.	O
Poultry	O
farm	O
operators	O
and	O
government	O
agencies	O
should	O
remain	O
alert	O
to	O
the	O
possibility	O
of	O
sparrows	Host_organism
transmitting	O
avian	Influenza
influenza	Influenza
viruses	Influenza
among	O
farms	O
.	O
To	O
reduce	O
this	O
risk	O
,	O
authorities	O
initiated	O
disinfection	O
of	O
three	O
farms	O
within	O
a	O
3	O
km	O
radius	O
of	O
the	O
area	O
where	O
the	O
dead	O
sparrows	Host_organism
were	O
collected	O
.	O
The	O
COA	O
also	O
reported	O
detection	O
of	O
one	O
new	O
H5	Influenza
highly	Influenza
pathogenic	Influenza
subtype	Influenza
in	O
a	O
pigeon	Host_organism
found	O
dead	O
on	O
the	O
roof	O
of	O
a	O
residence	O
in	O
Taipei	Location
's	O
Wenshan	Location
District	Location
on	O
January	Date
11	Date
.	O
The	O
source	O
of	O
the	O
outbreak	O
is	O
unknown	O
.	O
Avian	O
Influenza	O
in	O
Poultry	O

Nigeria	Location
-LRB-	O
HPAI	O
H5N1	Influenza
-RRB-	O
Multiple	O
cases	O
of	O
highly	O
pathogenic	O
H5N1	Influenza
avian	Influenza
influenza	Influenza
have	O
been	O
reported	O
in	O
Nigeria	Location
by	O
the	O
World	O
Organisation	O
for	O
Animal	O
Health	O
-LRB-	O
OIE	O
-RRB-	O
.	O
The	O
first	O
began	O
on	O
January	Date
2	Date
in	O
Yenagoa	Location
,	Location
Bayelsa	Location
.	O
A	O
total	O
of	O
850	O
birds	Host_organism
were	O
found	O
dead	O
and	O
2,150	O
were	O
destroyed	O
.	O
Additionally	O
six	O
outbreaks	O
were	O
reported	O
on	O
farms	O
in	O
the	O
states	O
of	O
Kano	Location
and	O
Plateau	Location
as	O
well	O
as	O
the	O
Federal	Location
Capital	Location
Territory	Location
on	O
January	Date
8	Date
.	O
Diagnostic	O
tests	O
were	O
completed	O
by	O
the	O
National	O
Veterinary	O
Research	O
Institute	O
,	O
Vom	O
-LRB-	O
Regional	O
Reference	O
Laboratory	O
-RRB-	O
and	O
came	O
back	O
positive	O
for	O
highly	O
pathogenic	O
H5N1	Influenza
avian	Influenza
influenza	Influenza
.	O
A	O
total	O
of	O
21,463	O
birds	Host_organism
were	O
found	O
dead	O
and	O
179,870	O
were	O
destroyed	O
.	O
A	O
further	O
nine	O
outbreaks	O
were	O
reported	O
in	O
the	O
states	O
of	O
Nasarawa	Location
,	O
Kano	Location
,	O
Plateau	Location
and	O
the	O
Federal	Location
Capital	Location
Territory	Location
on	O
January	Date
11	O
.	O
Diagnostic	O
tests	O
were	O
completed	O
by	O
the	O
National	O
Veterinary	O
Research	O
Institute	O
,	O
Vom	O
-LRB-	O
Regional	O
Reference	O
Laboratory	O
-RRB-	O
and	O
came	O
back	O
positive	O
for	O
highly	O
pathogenic	O
H5N1	Influenza
avian	Influenza
influenza	Influenza
.	O
A	O
total	O
of	O
22,453	O
birds	Host_organism
were	O
found	O
dead	O
and	O
87,287	O
were	O
destroyed	O
.	O
Control	O
measures	O
also	O
included	O
movement	O
control	O
,	O
disinfection	O
,	O
quarantine	O
,	O
stamping	O
out	O
,	O
official	O
destruction	O
of	O
animal	O
products	O
,	O
and	O
official	O
disposal	O
of	O
carcasses	O
,	O
by-productions	O
,	O
and	O
waste	O
.	O
The	O
source	O
of	O
the	O
outbreaks	O
is	O
unknown	O
.	O

Vietnam	Location
-LRB-	O
HPAI	O
H5N1	Influenza
,	O
H5N6	Influenza
-RRB-	O
The	O
VN	O
Express	O
news	O
source	O
has	O
reported	O
a	O
case	O
of	O
highly	O
pathogenic	O
H5N1	Influenza
avian	Influenza
influenza	Influenza
virus	Influenza
on	O
a	O
chicken	O
farm	O
in	O
the	O
Chau	Location
Duc	Location
District	O
in	O
the	O
province	O
of	O
Ba	Location
Ria-Vung	Location
Tau	Location
.	O
A	O
total	O
of	O
1,900	O
chickens	Host_organism
have	O
died	O
and	O
43,000	O
birds	Host_organism
were	O
culled	O
to	O
prevent	O
further	O
spread	O
of	O
the	O
disease	O
.	O
In	O
addition	O
to	O
culling	O
the	O
farm	O
was	O
disinfected	O
.	O
The	O
source	O
of	O
the	O
outbreak	O
is	O
unknown	O
.	O
According	O
to	O
the	O
World	O
Organisation	O
for	O
Animal	O
Health	O
-LRB-	O
OIE	O
-RRB-	O
,	O
an	O
additional	O
case	O
of	O
highly	O
pathogenic	O
H5N6	Influenza
avian	Influenza
influenza	Influenza
virus	Influenza
has	O
been	O
reported	O
in	O
quails	Host_organism
in	O
backyard	O
flock	O
in	O
the	O
Quang	Location
Nam	Location
Province	O
.	O
A	O
total	O
of	O
500	O
birds	Host_organism
died	O
and	O
the	O
remaining	O
3,500	O
birds	Host_organism
were	O
culled	O
to	O
prevent	O
the	O
disease	O
from	O
spreading	O
.	O
In	O
addition	O
to	O
culling	O
,	O
the	O
premises	O
were	O
disinfected	O
,	O
a	O
surveillance	O
zone	O
was	O
created	O
,	O
and	O
stamping	O
out	O
measures	O
were	O
taken	O
.	O
The	O
source	O
of	O
the	O
outbreaks	O
is	O
unknown	O
.	O

China	Location
-LRB-	O
LPAI	O
H7N9	Influenza
-RRB-	O
The	O
WHO	O
released	O
a	O
report	O
on	O
February	Date
20	Date
that	O
summarizes	O
human	Host_organism
cases	O
of	O
H7N9	Influenza
in	O
China	Location
between	O
January	Date
19	Date
and	O
February	Date
14	Date
.	O
In	O
that	O
time	O
,	O
China	Location
reported	O
304	O
laboratory-confirmed	O
cases	O
-LRB-	O
including	O
36	O
deaths	O
-RRB-	O
.	O
Over	O
half	O
of	O
the	O
cases	O
came	O
from	O
Jiangsu	Location
-LRB-	O
67	O
-RRB-	O
,	O
Zhejiang	Location
-LRB-	O
53	O
-RRB-	O
,	O
and	O
Guangdong	Location
-LRB-	O
32	O
-RRB-	O
;	O
28	O
%	O
of	O
the	O
cases	O
were	O
female	O
;	O
and	O
the	O
median	O
age	O
of	O
the	O
patients	Host_organism
was	O
58	O
years	O
.	O
144	O
cases	O
reported	O
exposure	O
to	O
poultry	Host_organism
,	O
11	O
cases	O
have	O
no	O
clear	O
exposure	O
to	O
poultry	Host_organism
,	O
and	O
149	O
cases	O
were	O
under	O
investigation	O
at	O
the	O
time	O
of	O
the	O
report	O
.	O

H5N1	Influenza
in	O
Humans	Host_organism
in	O
Hong	Location
Kong	Location
A	O
3-year-old	O
girl	Host_organism
was	O
recently	O
diagnosed	O
with	O
H9N2	Influenza
bird	Influenza
flu	Influenza
,	O
a	O
mild	O
form	O
of	O
influenza	Influenza
that	O
rarely	O
occurs	O
in	O
humans	Host_organism
.	O
The	O
Center	O
for	O
Health	O
Protection	O
said	O
that	O
the	O
girl	Host_organism
has	O
been	O
ill	O
with	O
a	O
cough	O
,	O
fever	O
,	O
and	O
runny	O
nose	O
since	O
late	O
November	Date
.	O
She	O
was	O
admitted	O
to	O
a	O
local	O
hospital	O
and	O
a	O
respiratory	O
sample	O
confirmed	O
H9N2	Influenza
.	O
The	O
girl	Host_organism
was	O
discharged	O
on	O
December	Date
11	Date
and	O
has	O
recovered	O
.	O
An	O
investigation	O
into	O
the	O
cause	O
of	O
the	O
disease	O
is	O
underway	O
.	O

China	Location
-LRB-	O
LPAI	O
H7N9	Influenza
-RRB-	O
The	O
Centre	O
for	O
Health	O
Protection	O
-LRB-	O
CHP	O
-RRB-	O
of	O
the	O
Department	O
of	O
Health	O
-LRB-	O
DH	O
-RRB-	O
reports	O
5	O
cases	O
of	O
low	O
pathogenic	O
H7N9	Influenza
avian	Influenza
influenza	Influenza
virus	Influenza
in	O
Beijing	Location
,	O
Hebei	Location
Province	O
,	O
and	O
Fujian	Location
Province	O
.	O
A	O
79-year-old	O
man	Host_organism
in	O
Fujian	Location
died	O
on	O
July	Date
10	Date
after	O
visiting	O
a	O
market	O
,	O
and	O
a	O
78-year-old	O
man	Host_organism
in	O
Fujian	Location
is	O
in	O
serious	O
condition	O
after	O
being	O
exposed	O
to	O
poultry	Host_organism
.	O
A	O
35-year-old	O
man	Host_organism
in	O
Beijing	Location
is	O
in	O
serious	O
condition	O
after	O
being	O
exposed	O
to	O
poultry	Host_organism
in	O
Jiangxi	Location
.	O
Two	O
patients	Host_organism
who	O
live	O
together	O
in	O
Hebei	Location
-LRB-	O
a	O
13-year-old	O
girl	Host_organism
and	O
a	O
68-year-old	O
woman	Host_organism
-RRB-	O
are	O
both	O
in	O
stable	O
condition	O
.	O
A	O
total	O
of	O
118	O
cases	O
of	O
H7N9	Influenza
avian	Influenza
influenza	Influenza
have	O
been	O
recorded	O
by	O
health	O
authorities	O
since	O
last	O
October	Date
.	O

South	Location
Africa	Location
-LRB-	O
LPAI	O
H5N2	Influenza
-RRB-	O
The	O
World	O
Organisation	O
for	O
Animal	O
Health	O
-LRB-	O
OIE	O
-RRB-	O
has	O
reported	O
new	O
cases	O
of	O
low	O
pathogenic	O
H5N2	Influenza
avian	Influenza
influenza	Influenza
virus	Influenza
in	O
Eastern	Location
Cape	Location
Province	O
and	O
Western	Location
Cape	Location
Province	O
.	O
A	O
total	O
of	O
3,720	O
birds	Host_organism
have	O
contracted	O
the	O
disease	O
,	O
and	O
175	O
have	O
died	O
from	O
it	O
.	O
Some	O
of	O
the	O
outbreaks	O
date	O
back	O
to	O
the	O
beginning	O
of	O
December	Date
,	Date
2015	Date
.	O
Control	O
measures	O
applied	O
are	O
movement	O
control	O
,	O
screening	O
,	O
and	O
quarantine	O
.	O
The	O
source	O
of	O
this	O
outbreak	O
is	O
unknown	O
.	O

Nigeria	Location
-LRB-	O
HPAI	O
H5N1	Influenza
-RRB-	O
The	O
World	O
Organisation	O
for	O
Animal	O
Health	O
-LRB-	O
OIE	O
-RRB-	O
reports	O
new	O
cases	O
of	O
highly	O
pathogenic	O
H5N1	Influenza
avian	Influenza
influenza	Influenza
virus	Influenza
in	O
the	O
states	O
of	O
Kaduna	Location
,	O
Kano	Location
,	O
and	O
Plateau	Location
.	O
This	O
analysis	O
was	O
confirmed	O
after	O
testing	O
by	O
the	O
National	O
Veterinary	O
Research	O
Institute	O
,	O
Vom	O
.	O
A	O
total	O
of	O
893	O
birds	Host_organism
died	O
of	O
the	O
virus	O
,	O
and	O
the	O
remaining	O
12,812	O
were	O
culled	O
to	O
prevent	O
it	O
spreading	O
further	O
.	O
Additional	O
control	O
measures	O
to	O
be	O
implemented	O
are	O
:	O
movement	O
control	O
;	O
disinfection	O
;	O
quarantine	O
;	O
surveillance	O
;	O
stamping	O
out	O
;	O
and	O
official	O
destruction	O
of	O
animal	O
products	O
.	O
The	O
source	O
of	O
this	O
outbreak	O
is	O
unknown	O
,	O
but	O
poor	O
farm	O
biosecurity	O
was	O
noted	O
.	O

Togo	Location
-LRB-	O
HPAI	O
H5N1	Influenza
-RRB-	O
The	O
World	O
Organisation	O
for	O
Animal	O
Health	O
-LRB-	O
OIE	O
-RRB-	O
reported	O
two	O
cases	O
of	O
highly	O
pathogenic	O
H5N1	Influenza
avian	Influenza
influenza	Influenza
virus	Influenza
on	O
poultry	O
farms	O
in	O
the	O
Maritime	Location
Region	Location
.	O
In	O
Adetikope	Location
,	O
10,350	O
birds	Host_organism
died	O
on	O
a	O
semi-modern	O
farm	O
without	O
biosecurity	O
,	O
H5N1	Influenza
was	O
confirmed	O
after	O
samples	O
were	O
tested	O
by	O
the	O
National	O
Veterinary	O
Laboratory	O
.	O
The	O
remaining	O
3000	O
birds	Influenza
were	O
culled	O
to	O
prevent	O
further	O
spread	O
of	O
the	O
disease	O
.	O
In	O
Adidogome	Location
,	O
950	O
birds	Host_organism
died	O
on	O
a	O
farm	O
with	O
no	O
biosecurity	O
and	O
the	O
remaining	O
30	O
birds	Host_organism
were	O
destroyed	O
.	O
Additional	O
control	O
measures	O
include	O
movement	O
control	O
,	O
disinfection	O
and	O
disinfestation	O
,	O
traceability	O
,	O
quarantine	O
,	O
surveillance	O
,	O
and	O
official	O
disposal	O
of	O
carcasses	O
,	O
by-products	O
,	O
and	O
waste	O
.	O
Other	O
measures	O
that	O
are	O
scheduled	O
to	O
be	O
applied	O
are	O
screening	O
,	O
stamping	O
out	O
,	O
and	O
control	O
of	O
wildlife	O
reservoirs	O
.	O
The	O
last	O
time	O
Togo	Location
was	O
affected	O
with	O
HPAI	O
H5N1	Influenza
was	O
in	O
2008	Date
.	O
The	O
cause	O
of	O
this	O
outbreak	O
is	O
unknown	O
,	O
but	O
the	O
adjacent	O
countries	O
in	O
western	O
Africa	Location
have	O
been	O
battling	O
H5N1	Influenza
since	O
2015	Date
.	O
Avian	O
Influenza	O
in	O
Humans	O

H5N1	Influenza
in	O
Poultry	Host_organism
in	O
South	Location
Korea	Location
Low	O
pathogenic	O
H5N2	Influenza
bird	Influenza
flu	Influenza
has	O
broken	O
out	O
on	O
a	O
duck	O
farm	O
in	O
Chung	Location
Chong-Namdo	Location
province	Location
.	O
Forty	O
of	O
26,800	O
ducks	Host_organism
tested	O
positive	O
for	O
the	O
disease	O
,	O
but	O
the	O
source	O
of	O
the	O
infection	O
is	O
unknown	O
.	O
The	O
Livestock	O
Health	O
Control	O
Association	O
collected	O
samples	O
from	O
the	O
farm	O
as	O
part	O
of	O
a	O
routine	O
surveillance	O
program	O
and	O
the	O
Chungchong-Namdo	O
Veterinary	O
Research	O
Institute	O
tested	O
them	O
on	O
December	Date
7	Date
.	O
The	O
National	O
Veterinary	O
Research	O
and	O
Quarantine	O
Service	O
confirmed	O
the	O
results	O
on	O
December	Date
22	Date
.	O
All	O
of	O
the	O
ducks	Host_organism
on	O
the	O
farm	O
were	O
culled	O
and	O
the	O
176,000	O
eggs	O
kept	O
on	O
the	O
farm	O
were	O
destroyed	O
to	O
prevent	O
the	O
spread	O
of	O
the	O
virus	Influenza
.	O
The	O
carcasses	O
of	O
the	O
ducks	Host_organism
were	O
burned	O
and	O
buried	O
.	O
An	O
investigation	O
of	O
epidemiologically	O
related	O
farms	O
is	O
currently	O
underway	O
.	O

Mexico	Location
-LRB-	O
HPAI	O
H7N3	Influenza
-RRB-	O
The	O
World	O
Health	O
Organisation	O
for	O
Animal	O
Health	O
-LRB-	O
OIE	O
-RRB-	O
reports	O
additional	O
cases	O
of	O
highly	O
pathogenic	O
H7N3	Influenza
avian	Influenza
influenza	Influenza
virus	Influenza
associated	O
with	O
an	O
on-going	O
outbreak	O
in	O
multiple	O
commercial	O
and	O
backyard	O
chicken	Host_organism
and	O
Indian	Host_organism
peafowl	Host_organism
-LRB-	O
Phasianidae	Host_organism
:	Host_organism
Pavo	Host_organism
cristatus	Host_organism
-RRB-	O
flocks	O
in	O
Jalisco	Location
,	Location
Puebla	Location
and	O
Veracruz	Location
,	Location
Mexico	Location
.	O
Presence	O
of	O
infection	O
and	O
viral	O
type	O
were	O
confirmed	O
by	O
the	O
Servicio	O
Nacional	O
de	O
Sanidad	O
,	O
Inocuidad	O
y	O
Calidad	O
Agroalmentaria	O
-LRB-	O
SENASICA	O
-RRB-	O
,	O
by	O
intravenous	O
pathogenicity	O
index	O
and	O
virus	O
isolation	O
.	O
Infected	O
farms	O
were	O
first	O
reported	O
during	O
early	O
March	Date
.	O
To	O
date	O
,	O
14,361	O
chickens	Host_organism
and	O
25	O
Indian	Host_organism
peafowl	Host_organism
have	O
died	O
from	O
infection	O
and	O
145,201	O
birds	Host_organism
have	O
been	O
destroyed	O
.	O
Affected	O
farms	O
have	O
been	O
depopulated	O
and	O
disinfected	O
,	O
and	O
biosecurity	O
measures	O
limiting	O
poultry	O
movements	O
have	O
been	O
instituted	O
.	O
Epidemiologic	O
investigation	O
of	O
this	O
outbreak	O
is	O
on-going	O
.	O
The	O
source	O
of	O
this	O
outbreak	O
is	O
currently	O
unknown	O
.	O

Taiwan	Location
-LRB-	O
HPAI	O
H5N2	Influenza
,	O
H5N8	Influenza
-RRB-	O
The	O
Animal	O
Disease	O
Control	O
Center	O
has	O
confirmed	O
that	O
an	O
outbreak	O
of	O
highly	O
pathogenic	O
H5N2	Influenza
avian	Influenza
influenza	Influenza
virus	Influenza
has	O
taken	O
place	O
among	O
chickens	Host_organism
on	O
a	O
poultry	O
farm	O
in	O
Changhua	Location
county	O
.	O
After	O
a	O
slaughterhouse	O
reported	O
unusual	O
deaths	O
in	O
a	O
shipment	O
of	O
chickens	Host_organism
,	O
the	O
remaining	O
18,810	O
chickens	Host_organism
from	O
the	O
originating	O
farm	O
were	O
culled	O
and	O
the	O
premise	O
disinfected	O
to	O
prevent	O
further	O
spread	O
of	O
the	O
disease	O
.	O
The	O
cause	O
of	O
this	O
outbreak	O
is	O
unknown	O
,	O
but	O
it	O
is	O
noted	O
that	O
the	O
farm	O
owner	O
will	O
be	O
fined	O
for	O
failing	O
to	O
report	O
suspicious	O
deaths	O
on	O
his	O
farm	O
to	O
authorities	O
.	O
Officials	O
in	O
Pingtung	Location
county	O
have	O
reported	O
the	O
presence	O
of	O
highly	O
pathogenic	O
H5N8	Influenza
avian	Influenza
influenza	Influenza
virus	Influenza
among	O
ducks	Host_organism
at	O
a	O
poultry	O
farm	O
.	O
A	O
total	O
of	O
8,881	O
ducks	Host_organism
were	O
culled	O
,	O
the	O
area	O
was	O
disinfected	O
,	O
and	O
monitoring	O
and	O
sampling	O
zone	O
has	O
been	O
set	O
up	O
around	O
the	O
farm	O
in	O
question	O
.	O
The	O
source	O
of	O
the	O
outbreak	O
is	O
unknown	O
,	O
but	O
officials	O
report	O
that	O
the	O
operator	O
of	O
the	O
farm	O
confined	O
the	O
birds	O
in	O
a	O
closed	O
environment	O
;	O
a	O
violation	O
of	O
the	O
law	O
.	O
The	O
operator	O
will	O
be	O
fined	O
for	O
failing	O
to	O
comply	O
with	O
infectious	O
disease	O
prevention	O
measures	O
.	O
The	O
Bureau	O
of	O
Animal	O
and	O
Plant	O
Health	O
Inspection	O
and	O
Quarantine	O
has	O
confirmed	O
an	O
outbreak	O
of	O
H5	Influenza
avian	Influenza
influenza	Influenza
virus	Influenza
at	O
a	O
slaughterhouse	O
in	O
Taipei	Location
,	O
the	O
exact	O
serotype	O
of	O
the	O
virus	O
is	O
not	O
yet	O
known	O
.	O
A	O
total	O
of	O
32	O
chickens	Host_organism
were	O
observed	O
to	O
have	O
symptoms	O
of	O
avian	Influenza
influenza	Influenza
,	O
and	O
were	O
culled	O
.	O
The	O
slaughterhouse	O
and	O
surrounding	O
area	O
were	O
disinfected	O
to	O
prevent	O
further	O
spread	O
of	O
the	O
disease	O
.	O
The	O
infected	O
chickens	Host_organism
were	O
reported	O
to	O
have	O
come	O
from	O
a	O
farm	O
in	O
Yunlin	Location
county	O
,	O
the	O
source	O
of	O
this	O
outbreak	O
is	O
unknown	O
.	O

France	Location
-LRB-	O
HPAI	O
H5N1	Influenza
,	O
H5N2	Influenza
-RRB-	O
According	O
to	O
the	O
French	O
Ministry	O
of	O
Agriculture	O
,	O
one	O
case	O
of	O
highly	O
pathogenic	O
avian	Influenza
influenza	Influenza
H5N1	Influenza
has	O
been	O
reported	O
in	O
poultry	Host_organism
in	O
the	O
town	O
of	O
Lafitte-Vigordane	Location
,	O
in	O
the	O
Department	O
of	O
Haute-Garonne	Location
which	O
is	O
outside	O
of	O
the	O
restriction	O
zone	O
previously	O
established	O
in	O
southwestern	O
France	Location
.	O
The	O
farm	O
had	O
10,000	O
chickens	Host_organism
and	O
7,000	O
ducks	Host_organism
at	O
the	O
time	O
of	O
detection	O
.	O
A	O
second	O
outbreak	O
was	O
detected	O
in	O
a	O
farm	O
with	O
1,280	O
ducks	Host_organism
in	O
town	O
of	O
Orin	Location
in	O
the	O
Department	O
Pyrenees-Atlantiques	Location
.	O
Highly	O
pathogenic	O
avian	Influenza
influenza	Influenza
H5N2	Influenza
has	O
been	O
detected	O
in	O
the	O
ducks	Host_organism
.	O
French	O
officials	O
have	O
instituted	O
sanitary	O
regulations	O
and	O
poultry	O
movement	O
limitations	O
to	O
prevent	O
spread	O
.	O
The	O
source	O
of	O
the	O
outbreaks	O
is	O
unknown	O
.	O

